P001,John Doe,Internet,500.00,2025-08-01
P002,Jane Smith,Cable TV,300.00,2025-08-02
P003,gigi,Internet,100.00,2023-05-01
P004,krugun,Cable TV,54.00,2026-07-10
P005,test,Cable TV,534.00,2025-03-16
P006,trelaa,Internet,321.00,2025-06-06
P007,Jingle bell,Mobile banking,564.00,2025-09-23
P008,Ishow Speed,ATM,5643.00,2025-07-08
P009,Ishow peed,ATM,124.00,2025-06-29
P010,Ufu fuy,Website,2564.00,2025-06-12
P011,Ai yachaichai,Mobile banking,1099.00,2024-09-17
P012,yaya uratchaya,Cable TV,9999.00,2025-11-13
P013,Nadetch kugimiya,QR Code,9998.00,2021-09-15
P014,Tom cruise,Internet,5555.00,2026-02-14
P015,Tom holland,ATM,7789.00,2025-12-31
